Song Name,Artists,Artist_ID,Track_ID,Happiness,Contentment,Confidence,Neutral,Sadness,Anger,Fear,Surprise,Disgust,Love,Excitement,Anticipation,Nostalgia,Confusion,Frustration,Longing,Optimism,Times_played,Matched_Emotions,lyrics
Strangers Do,Jonas Aden,1qq5e02CcWNFqZMbmdrIcj,4PQg6FbToTzRnN9pgxf9B9,0,0,0,0,0,0,0,0,0,0,1,1,0,0,0,0,1,0,1,
V,Marcin Przybyłowicz,07vycW8ICLf5hKb22PFWXw,2u1FWVxAb16qbgwPgygAdj,0,0,0,0,0,0,0,0,0,0,1,1,1,0,0,0,0,0,1,
Chop Suey!,System Of A Down,5eAWCfyUhZtHHtBdNk56l1,2DlHlPMa4M17kufBvI2lEN,0,0,0,0,0,1,0,0,0,0,0,0,0,1,1,0,0,0,0,"[Répétition] :
\nWake up,
\nGrab a brush and put a little (makeup),
\nGrab a brush and put a little,
\nHide the scars to fade away the (shakeup)
\nHide the scars to fade away the,\n\nWhy'd you leave the keys upon the table?\n\nHere you go create another fable\n\n\n\nYou wanted to,\n\nGrab a brush and put a little makeup,\n\nYou wanted to,\n\nHide the scars to fade away the shakeup,\n\nYou wanted to,\n\nWhy'd you leave the keys upon the table,\n\nYou wanted to,\n\n\n\nI don't think you trust,\n\nIn, my, self righteous suicide,\n\nI, cry, when angels deserve to die, Die,\n\n\n\n[Répétition]\n\n\n\nYou wanted to,\n\nGrab a brush and put a little makeup,\n\nYou wanted to,\n\nHide the scars to fade away the shakeup,\n\nYou wanted to,\n\nWhy'd you leave the keys upon the table,\n\nYou wanted to,\n\n\n\nI don't think you trust,\n\nIn, my, self righteous suicide,\n\nI, cry, when angels deserve to die\n\nIn my, self righteous suicide,\n\nI, cry, when angels deserve to die\n\n\n\nFather, Father, Father, Father,\n\nFather/ Into your hands/I/commend my spirit,\n\nFather, into your hands,\n\n\n\nWhy have you forsaken me,\n\nIn your eyes forsaken me,\n\nIn your thoughts forsaken me,\n\nIn your heart forsaken, me oh,\n\n\n\nTrust in my self righteous suicide,\n\nI, cry, when angels deserve to die,\n\nIn my self righteous suicide,\n\nI, cry, when angels deserve to die."
Bottom Of The Deep Blue Sea,MISSIO,2HOMW1liAxI3URnEq95SMS,6AvslIXIi9iaGvukefyVVK,0,0,0,0,1,1,0,0,0,0,0,0,0,0,1,0,0,0,0,"The berth surrounding my body crushing every bit of bone
\nThe salt, it seeps in through the pores of my open skin
\nI wait on you inside the bottom of the deep blue sea
\nI wait on you inside the bottom of the deep blue
\nWelcome to my cage little lover\n\nAttempt to rearrange with you baby\n\nStill don't know your name miss honey\n\nLet's go up in flames pretty lady\n\n\n\nThe sweet surrender of silence forces me to live alone\n\nLocked and loaded, where the hell is peace of mind?\n\nI wait on you inside the bottom of the deep blue sea\n\nI wait on you inside the bottom of the deep blue\n\n\n\nWelcome to my cage little lover\n\nAttempt to rearrange with you baby\n\nStill don't know your name miss honey\n\nLet's go up in flames pretty lady\n\n\n\nWelcome to my cage little lover\n\nAttempt to rearrange with you baby\n\nStill don't know your name miss honey\n\nLet's go up in flames pretty lady\n\n\n\nThe bottom of the deep blue sea\n\nThe bottom of the deep blue sea\n\n\n\nWelcome to my cage little lover\n\nAttempt to rearrange with you my baby\n\nStill don't know your name miss honey\n\nLet's go up in flames pretty lady\n\n\n\nWelcome to my cage little lover\n\nAttempt to rearrange with you baby\n\nStill don't know your name miss honey\n\nLet's go up in flames pretty lady"
Orinoco Flow,Enya,6uothxMWeLWIhsGeF7cyo4,14EUcXXpqrC03Dzzdj8bGr,1,0,0,0,0,0,0,0,0,0,1,0,0,0,0,0,1,0,2,"let me sail, let me sail, let the orinoco flow,
\nlet me reach, let me beach on the shores of Tripoli.
\nlet me sail, let me sail, let me crash upon your shore,
\nlet me reach, let me beach far beyond the Yellow Sea.
\nSail away, sail away, sail away,\n\nSail away, sail away, sail away,\n\nsail away, sail away, sail away, \n\nsail away, sail away, sail away.(Chor)\n\n\n\nfrom Bissau to Palau - in the shade of Avalon,\n\nfrom Fiji to Tiree and the Isles of Ebony,\n\nfrom Peru to Cebu feal the power of Babylon,\n\nfrom Bali to Cali - far beneath the Coral Sea.\n\n\n\nSail away, sail away, sail away,\n\nSail away, sail away, sail away,\n\nsail away, sail away, sail away, \n\nsail away, sail away, sail away.(Chor)\n\n\n\nfrom the North to the South, Ebudae onto Khartoum,\n\nfrom the deep sea of Clouds to the island of the moon,\n\ncarry me on the waves to the lands I've never been,\n\ncarry me on the waves to the lands I've never seen.\n\n\n\nwe can sail, we can sail...\n\nwith the orinoco flow\n\nwe can sail, we can sail...\n\n\n\nsail away, sail away, sail away.(Chor)\n\n\n\nwe can steer, we can near with Rob Dickins at the wheel,\n\nwe can sigh, say goodbye Ross and his dependencies\n\nwe can sail, we can sail...\n\n\n\nsail away, sail away, sail away.(Chor)\n\n\n\nwe can reach, we can beach on the shores of Tripoli.\n\nwe can sail, we can sail...\n\n\n\nsail away, sail away, sail away.(Chor)\n\n\n\nfrom Bali to Cali - far beneath the Coral Sea.\n\nwe can sail, we can sail...\n\n\n\nsail away, sail away, sail away.(Chor)5x"
Love Me Again,John Newman,34v5MVKeQnIo0CWYMbbrPf,5sZAcPQEriLrwpdIy5B2CH,1,0,0,0,0,0,0,0,0,0,1,0,0,0,0,0,1,0,2,"Know I'’ve done wrong, left your heart torn
\nIs that what devils do?
\nTook you so low, where only fools go
\nI shook the angel in you!
\nNow I'm rising from the ground
\nRising up to you!\n\nFilled with all the strength I found\n\nThere's nothing I can't do!\n\n\n\nI need to know now, know now\n\nCan you love me again?\n\nI need to know now, know now\n\nCan you love me again?\n\nI need to know now, know now\n\nCan you love me again?\n\nI need to know now, know now\n\nCan you love me again?\n\n\n\nCan you love me again?\n\n\n\nIt's unforgivable, \n\nI stole and burnt your soul\n\nIs that what demons do, hey?\n\nThey rule the worst of me\n\nDestroy everything, \n\nThey bring down angels like you, hey!\n\nNow I'm rising from the ground\n\nRising up to you!\n\nFilled with all the strength I found\n\nThere's nothing I can't do!\n\n\n\nI need to know now, know now\n\nCan you love me again?\n\nI need to know now, know now\n\nCan you love me again?\n\n\n\nCan you love me again?\n\n\n\nTold you once again, \n\nDo this again, do this again, oh!\n\nI told you once again, \n\nDo this again, do this again, oh, oh!\n\n\n\nI need to know now, know now\n\nCan you love me again?\n\nI need to know now, know now\n\nCan you love me again?\n\nI need to know now, know now\n\nCan you love me again?\n\n\n\nCan you love me again?\n\nCan you love me again?\n\n\n\nCan you love me again?"
Sandstorm,Darude,0LhHRmSd1EYM5QdNeNnCoQ,6Sy9BUbgFse0n0LPA5lwy5,0,0,0,0,0,0,0,0,0,0,1,1,0,0,0,0,1,0,1,-techno-
Stressed Out,Twenty One Pilots,3YQKmKGau1PzlVlkL1iodx,3CRDbSIZ4r5MsZ0YwxuEkn,0,0,0,0,1,0,0,0,0,0,0,0,0,0,1,1,0,0,0,"I wish I found some better sounds no one's ever heard
\nI wish I had a better voice that sang some better words
\nI wish I found some chords in an order that is new
\nI wish I didn't have to rhyme every time I sang
\nI was told when I get older, all my fears would shrink
\nBut now I'm insecure, and I care what people think\n\n\n\nMy name's Blurryface and I care what you think\n\nMy name's Blurryface and I care what you think\n\n\n\nWish we could turn back time to the good old days\n\nWhen our momma sang us to sleep but now we're stressed out\n\nWish we could turn back time to the good old days\n\nWhen our momma sang us to sleep but now we're stressed out\n\n\n\nSometimes a certain smell will take me back to when I was young\n\nHow come I'm never able to identify where it's coming from?\n\nI'd make a candle out of it, if I ever found it\n\nTry to sell it, never sell out of it, I'd probably only sell one\n\nIt'd be to my brother, cause we have the same nose, same clothes, home grown, the stone's throw from a creek we used to roam\n\nBut it would remind us of when nothing really mattered\n\nOut of student loans and tree house homes, we all would take the latter\n\n\n\nMy name's Blurryface and I care what you think\n\nMy name's Blurryface and I care what you think\n\n\n\nWish we could turn back time to the good old days\n\nWhen our momma sang us to sleep but now we're stressed out\n\nWish we could turn back time to the good old days\n\nWhen our momma sang us to sleep but now we're stressed out\n\n\n\nUsed to play pretend, give each other different names, we would build a rocket ship and then we'd fly it far away\n\nUsed to dream of outer space, but now they're laughing at our face singing ""wake up, you need to make money"", yeah\n\n\n\nUsed to play pretend, give each other different names, we would build a rocket ship and then we'd fly it far away\n\nUsed to dream of outer space, but now they're laughing at our face singing ""wake up, you need to make money"", yeah\n\n\n\nWish we could turn back time to the good old days\n\nWhen our momma sang us to sleep but now we're stressed out\n\nWish we could turn back time to the good old days\n\nWhen our momma sang us to sleep but now we're stressed out\n\n\n\nWe used to play pretend, used to play pretend, bunny\n\nWe used to play pretend, wake up you need the money\n\nUsed to play pretend, used to play pretend, bunny\n\nWe used to play pretend, wake up you need the money\n\nUsed to play pretend, give each other different names, we would build a rocket ship and then we'd fly it far away\n\nUsed to dream of outer space, but now they're laughing at our face saying ""wake up, you need to make money"", yeah"
Plastic Heart,"Nostalghia, Tyler Bates, Joel J. Richard",75fIuwXxhZ1atNzWLMrgF0,7EPbzLbSzg9d94LZ9MnKFA,0,0,0,0,1,0,0,0,0,0,0,0,1,0,0,1,0,1,0,
Old Town Road,Lil Nas X,7jVv8c5Fj3E9VhNjxT4snq,53CJANUxooaqGOtdsBTh7O,0,0,0,0,0,0,0,0,0,0,1,0,0,0,0,0,1,0,1,"I'm gonna take my horse to the old town road
\nI'm gonna ride till I can't no more
\nI'm gonna take my horse to the old town road
\nI'm gonna ride till I can't no more
\nKio, Kio\n\nI got the horses in the back\n\nHorse tack is attached\n\nHat is matte black\n\nGot the boots that's black to match\n\nRidin' on a horse, ha\n\nYou can whip your Porsche\n\nI been in the valley\n\nYou ain't been up off the porch, now\n\n\n\nCan't nobody tell me nothin'\n\nYou can't tell me nothin'\n\nCan't nobody tell me nothin'\n\nYou can't tell me nothin'\n\n\n\nRidin' on a tractor\n\nLean all in my bladder\n\nCheated on my baby\n\nYou can go and ask her\n\nMy life is a movie\n\nBull ridin' and boobies\n\nCowboy hat from Gucci\n\nWrangler on my booty\n\n\n\nCan't nobody tell me nothin'\n\nYou can't tell me nothin'\n\nCan't nobody tell me nothin'\n\nYou can't tell me nothin'\n\n\n\nYeah, I'm gonna take my horse to the old town road\n\nI'm gonna ride till I can't no more\n\nI'm gonna take my horse to the old town road\n\nI'm gonna ride till I can't no more\n\nI got the"
Baby Blue - Remastered 2010,Badfinger,4pJCawaKSZ40EnxN0YEYw3,6S3JlDAGk3uu3NtZbPnuhS,1,1,0,0,0,0,0,0,0,0,0,0,1,0,0,0,0,0,1,
Dance Off (feat. Idris Elba & Anderson .Paak),"Macklemore & Ryan Lewis, Macklemore, Ryan Lewis, Idris Elba, Anderson .Paak",5BcAKTbp20cv7tC5VqPFoC,7pDxNYVQLKzrbkCe8OCag3,0,0,1,0,0,0,0,0,0,0,1,1,0,0,0,0,0,0,1,
Heathens,Twenty One Pilots,3YQKmKGau1PzlVlkL1iodx,6i0V12jOa3mr6uu4WYhUBr,0,0,0,0,1,1,1,0,0,0,0,0,0,0,0,0,0,0,0,"All my friends are heathens, take it slow
\nWait for them to ask you who you know
\nPlease don't make any sudden moves
\nYou don't know the half of the abuse
\nAll my friends are heathens, take it slow\n\nWait for them to ask you who you know\n\nPlease don't make any sudden moves\n\nYou don't know the half of the abuse\n\n\n\nWelcome to the room of people who have rooms of people \n\nThat they loved one day, docked away\n\nJust because we check the guns at the door\n\nDoesn't mean our brains will change from hand grenades\n\nYou'll never know the psychopath sitting next to you\n\nYou'll never know the murderer sitting next to you\n\nYou'll think, ""How'd I get here, sitting next to you?""\n\nBut after all I've said, please don't forget\n\n\n\nAll my friends are heathens, take it slow\n\nWait for them to ask you who you know\n\nPlease don't make any sudden moves\n\nYou don't know the half of the abuse\n\n\n\nWe don't deal with outsiders very well\n\nThey say newcomers have a certain smell\n\nYou have trust issues, not to mention\n\nThey say they can smell your intentions\n\nYou'll never know the freakshow sitting next to you\n\nYou'll have some weird people sitting next to you\n\nYou'll think ""How did I get here, sitting next to you?""\n\nBut after all I've said, please don't forget\n\n\n\nWatch it\n\nWatch it\n\n\n\nAll my friends are heathens, take it slow\n\nWait for them to ask you who you know\n\nPlease don't make any sudden moves\n\nYou don't know the half of the abuse\n\n\n\nAll my friends are heathens, take it slow (Watch it)\n\nWait for them to ask you who you know (Watch it)\n\nAll my friends are heathens, take it slow (Watch it)\n\nWait for them to ask you who you know\n\n\n\nWhy'd you come, you knew you should have stayed (It's blasphemy)\n\nI tried to warn you just to stay away\n\nAnd now they're outside ready to bust\n\nIt looks like you might be one of us"
Enter Sandman (Remastered),Metallica,2ye2Wgw4gimLv2eAKyk1NB,3VqHuw0wFlIHcIPWkhIbdQ,0,0,1,0,0,1,0,0,0,0,0,0,0,0,0,0,0,0,0,"Say your prayers, little one
\nDon't forget, my son, \nTo include everyone \nTuck you in, warm within \nKeep you free from sin \n\nTill the sandman he comes \n\n\n\nSleep with one eye open \n\nGripping your pillow tight \n\n\n\nExit: light \n\nEnter: night \n\nTake my hand \n\nWe're off to never-never land \n\n\n\nSomething's wrong, shut the light \n\nHeavy thoughts tonight \n\nAnd they aren't of Snow White \n\n\n\nDreams of war, dreams of liars \n\nDreams of dragon's fire \n\nAnd of things that will bite \n\n\n\nSleep with one eye open \n\nGripping your pillow tight \n\n\n\nExit: light \n\nEnter: night \n\nTake my hand \n\nWe're off to never-never land \n\n\n\nNow I lay me down to sleep \n\nPray the Lord my soul to keep \n\nIf I die before I wake \n\nPray the Lord my soul to take \n\n\n\nHush little baby, don't say a word \n\nAnd never mind that noise you heard \n\nIt's just the beasts under your bed \n\nIn your closet, in your head \n\n\n\nExit: light \n\nEnter: night \n\nGrain of sand \n\n\n\nExit: light \n\nEnter: night \n\nTake my hand \n\nWe're off to never-never land"
Play with Fire (feat. Yacht Money),"Sam Tinnesz, Yacht Money",70TsVY28EcEUYSGG5Yw7mp,7vguMCv8uVuZLiQJ156u3Z,0,0,0,0,0,0,0,0,0,0,1,1,0,0,0,0,0,0,1,
Ain't No Rest for the Wicked,Cage The Elephant,26T3LtbuGT1Fu9m0eRq5X3,3Pzh926pXggbMe2ZpXyMV7,0,0,0,0,1,0,0,0,0,0,0,0,0,0,1,0,0,0,0,"I was walking down the street,
\nWhen out the corner of my eye
\nI saw a pretty little thing approaching me.
\nShe said ""I've never seen a man
\nWho looks so all alone,
\nCould you use a little company?\n\n\n\nIf you can pay the right price\n\nYour evening will be nice,\n\nAnd you can go and send me on my way.""\n\nI said ""You're such a sweet young thing\n\nWhy you do this to yourself?""\n\nShe looked at me and this is what she said:\n\n\n\n""Oh, there ain't no rest for the wicked,\n\nMoney don't grow on trees.\n\nI got bills to pay,\n\nI got mouths to feed,\n\nThere ain't nothing in this world for free.\n\nI know I can't slow down,\n\nI can't hold back,\n\nThough you know, I wish I could.\n\nNo there ain't no rest for the wicked,\n\nUntil we close our eyes for good"".\n\n\n\nNot even fifteen minutes later\n\nI'm still walking down the street,\n\nWhen I saw a shadow of a man creep out of sight.\n\nAnd then he sweeps up from behind\n\nAnd puts a gun up to my head,\n\nHe made it clear he wasn't looking for a fight.\n\n\n\nHe said ""Give me all you've got\n\nI want your money not your life,\n\nBut if you try to make a move I won't think twice.""\n\nI go like ""You can have my cash\n\nBut first you know I got to ask\n\nWhat made you want to live this kind of life?""\n\n\n\nHe said ""There ain't no rest for the wicked,\n\nMoney don't grow on trees.\n\nI got bills to pay,\n\nI got mouths to feed,\n\nThere ain't nothing in this world for free.\n\nI know I can't slow down,\n\nI can't hold back,\n\nThough you know, I wish I could.\n\nNo there ain't no rest for the wicked,\n\nUntil we close our eyes for good"".\n\n\n\nNow a couple hours have passed\n\nAnd I was sitting at my house,\n\nThe day was winding down and coming to an end.\n\nSo I turned on the TV\n\nAnd flipped it over to the news,\n\nAnd what I saw I almost couldn't comprehend.\n\n\n\nI saw a preacher man in cuffs he'd taken money from the church,\n\nHe stuffed his bank account with righteous dollar bills.\n\nBut even still I can't say much\n\nBecause I know we're all the same,\n\noh yes we all seek out to satisfy those thrills\n\n\n\n""Oh, there ain't no rest for the wicked,\n\nMoney don't grow on trees.\n\nWe got bills to pay,\n\nWe got mouths to feed,\n\nThere ain't nothing in this world for free.\n\nI know we can't slow down,\n\nWe can't hold back,\n\nThough you know, we wish we could.\n\nNo there ain't no rest for the wicked,\n\nUntil we close our eyes for good""\n\n\n\n\n\n(Thanks to jamieluvsmichael for correcting these lyrics)"
Temperature,Sean Paul,3Isy6kedDrgPYoTS1dazA9,0k2GOhqsrxDTAbFFSdNJjT,1,0,1,0,0,0,0,0,0,0,1,0,0,0,0,0,0,0,2,"The gal dem Schillaci...Sean da Paul
\nSo me give it to...so me give to...so me give it to...to all girls
\nFive million and forty naughty shorty...
\nBaby girl...all my girls..all my girls...Sean da Paul sey...
\nWell woman the way the time cold I wanna be keepin' you warm\n\nI got the right temperature for shelter you from the storm\n\nOh lord, gal I got the right tactics to turn you on, and girl I...\n\nWanna be the Papa...You can be the Mom....oh oh!\n\n\n\nMake I see the gal them bruk out pon the floor from you don't want no worthless performer\n\nFrom you don't want no man wey can't turn you on gal make I see your hand them up on ya..\n\nCan't tan pon it long.....naw eat no yam...no steam fish....nor no green banana\n\nBut down in Jamaica we give it to you hot like a sauna..\n\n\n\nBumper exposed and gal you got your chest out \n\nbut you no wasters cause gal you impress out...\n\nAnd if you des out a me you fi test out,\n\nCause I got the remedy to make you de-stress out....\n\nMe haffi flaunt it because me God Bless out...And girl if you want it you haffi confess out...\n\nA no lie weh we need set speed a fi test the mattress out..\n\n\n\nGal don't say me crazy now, this strange love it a no Bridgette and Flava show..\n\nTime fi a make baby now so stop gwaan like you a act shady yo...\n\nWoman don't play me know, cause a no Fred Sanford nor Grady yo....\n\nMy lovin' is the way to go...my lovin' is the way to go.....\n\n\n\nWhen you roll with a player like me... with a bredda like me girl there is no other\n\nNo need to talk it right here just park it right here keep it undercover\n\nFrom me love how you fit inna you blouse and you fat inna you jeans and mi waan discover..\n\nEverything out you baby girl can you hear when me utter...\n\n\n\nMake I see the gal them bruk out pon the floor from you don't want no worthless performer\n\nFrom you don't want no man wey can't turn you on gal make I see your hand them up on ya..\n\nCan't tan pon it long.....naw eat no yam...no steam fish....nor no green banana\n\nBut down in Jamaica we give it to you hot like a sauna.."
Yellow,Coldplay,4gzpq5DPGxSnKTe4SA8HAU,3AJwUDP919kvQ9QcozQPxg,1,0,0,0,0,0,0,0,0,1,0,0,0,0,0,0,0,0,1,"Look at the stars
\nlook how they shine for you
\nand everything you do
\nyeah they were all yellow
\nI came along \nI wrote a song for you\n\nand all the things you do\n\nand it was called yellow\n\nSo then I took my turn \n\noh what a thing to have done\n\nand it was all yellow\n\n\n\nyour skin\n\noh yeah your skin and bones\n\nturn into something beautiful\n\nand you know\n\nyou know I love you so\n\nyou know I love you so\n\n\n\nI swam across\n\nI jumped across for you\n\noh what a thing to do\n\n'cos you were all yellow\n\nI drew a line\n\nI drew a line for you\n\noh what a thing to do\n\nand it was all yellow\n\n\n\nand your skin\n\noh yeah your skin and bones\n\nturn into something beautiful\n\nand you know\n\nfor you I bleed myself dry\n\nfor you I bleed myself dry\n\n\n\nit's true\n\nlook how they shine for you\n\nlook how they shine for you\n\nlook how they shine for\n\nlook how they shine for you\n\nlook how they shine for you\n\nlook how they shine\n\n\n\nlook at the stars\n\nlook how they shine for you\n\nand all the things that you do"
Levitating (feat. DaBaby),"Dua Lipa, DaBaby",6M2wZ9GZgrQXHCFfjv46we,5nujrmhLynf4yMoMtj8AQF,0,0,1,0,0,0,0,0,0,0,1,0,0,0,0,0,1,0,1,
One Kiss (with Dua Lipa),"Calvin Harris, Dua Lipa",7CajNmpbOovFoOoasH2HaY,7ef4DlsgrMEH11cDZd32M6,1,0,0,0,0,0,0,0,0,1,1,0,0,0,0,0,0,0,2,
Don't Start Now,Dua Lipa,6M2wZ9GZgrQXHCFfjv46we,3PfIrDoz19wz7qK7tYeu62,0,0,1,0,0,0,0,0,0,0,1,0,0,0,0,0,0,0,1,"If you don't wanna see me
\nDid a full 180, crazy
\nThinking 'bout the way I was
\nDid the heartbreak change me? Maybe
\nBut look at where I ended up\n\nI'm all good already\n\nSo moved on, it's scary\n\nI'm not where you left me at all, so\n\n\n\nIf you don't wanna see me dancing with somebody\n\nIf you wanna believe that anything could stop me\n\n\n\nDon't show up, don't come out\n\nDon't start caring about me now\n\nWalk away, you know how\n\nDon't start caring about me now\n\n\n\nAren't you the guy who tried to\n\nHurt me with the word ""goodbye""?\n\nThough it took some time to survive you\n\nI'm better on the other side\n\nI'm all good already\n\nSo moved on, it's scary\n\nI'm not where you left me at all, so\n\n\n\nIf you don't wanna see me dancing with somebody\n\nIf you wanna believe that anything could stop me\n\n(Don't, don't, don't)\n\n\n\nDon't show up, don't come out\n\nDon't start caring about me now\n\nWalk away, you know how\n\nDon't start caring about me now ('Bout me now, 'bout me)\n\n\n\nUp, up\n\nDon't come out, out, out\n\nDon't show up, up, up\n\nDon't start now (Oh)\n\nUp, up\n\nDon't come out, out\n\nI'm not where you left me at all, so\n\n\n\nIf you don't wanna see me dancing with somebody\n\nIf you wanna believe that anything could stop me\n\n\n\nDon't show up (Don't show up), don't come out (Don't come out)\n\nDon't start caring about me now ('Bout me now)\n\nWalk away (Walk away), you know how (You know how)\n\nDon't start caring about me now (So)\n\n\n\nUp, up\n\nDon't come out, out, out\n\nDon't show up, up, up\n\nWalk away, walk away (So)\n\nUp, up\n\nDon't come out, out, out\n\nDon't show up, up, up\n\nWalk away, walk away, oh"
New Rules,Dua Lipa,6M2wZ9GZgrQXHCFfjv46we,2xJCMIJfcNYDc5iR0sAm2O,0,0,1,0,0,0,0,0,0,0,0,0,0,0,1,0,0,0,0,"One, one, one
\nTalkin' in my sleep at night
\nMakin' myself crazy
\n(Out of my mind, out of my mind)
\nWrote it down and read it out\n\nHopin' it would save me\n\n(Too many times, too many times)\n\nMy love, he makes me feel like nobody else\n\nNobody else\n\nBut my love, he doesn't love me\n\nSo I tell myself, I tell myself\n\n\n\nOne, don't pick up the phone\n\nYou know he's only calling 'cause he's drunk and alone\n\nTwo, don't let him in\n\nYou have to kick him out again\n\nThree, don't be his friend\n\nYou know you're gonna wake up in his bed in the morning\n\nAnd if you're under him\n\nYou ain't getting over him\n\n\n\nI've got new rules, I count 'em\n\nI've got new rules, I count 'em\n\nI've gotta tell them to myself\n\nI've got new rules, I count 'em\n\nI've gotta tell them to myself\n\n\n\nI keep pushin' forwards\n\nBut he keeps pullin' me backwards\n\n(Nowhere to turn, no way)\n\n(Nowhere to turn, no)\n\nNow I'm standing back from it\n\nI finally see the pattern\n\n(I never learn, I never learn)\n\nBut my love, he doesn't love me\n\nSo I tell myself, I tell myself\n\nI do, I do, I do\n\n\n\nOne, don't pick up the phone\n\nYou know he's only calling 'cause he's drunk and alone\n\nTwo, don't let him in\n\nYou have to kick him out again\n\nThree, don't be his friend\n\nYou know you're gonna wake up in his bed in the morning\n\nAnd if you're under him\n\nYou ain't getting over him\n\n\n\nI've got new rules, I count 'em\n\nI've got new rules, I count 'em\n\nI've gotta tell them to myself\n\nI've got new rules, I count 'em\n\nI've gotta tell them to myself\n\n\n\nPractice makes perfect\n\nI'm still tryna' learn it by heart\n\nEat, sleep, and breathe it\n\nRehearse and repeat it 'cause I (I, I, I)\n\n\n\nOne, don't pick up the phone\n\nYou know he's only calling 'cause he's drunk and alone\n\nTwo, don't let him in\n\nYou have to kick him out again\n\nThree, don't be his friend\n\nYou know you're gonna wake up in his bed in the morning\n\nAnd if you're under him\n\nYou ain't getting over him\n\n\n\nI got new rules, I count 'em\n\nI got new rules, I count 'em\n\n(Oh, whoa-oh)\n\nI gotta tell them to myself\n\nI got new rules, I count 'em\n\n(Baby, you know I count 'em)\n\nI gotta tell them to myself\n\nDon't let him in, don't let him in\n\nDon't, don't, don't, don't\n\nDon't be his friend, don't be his friend\n\nDon't, don't, don't, don't\n\nDon't let him in, don't let him in\n\nDon't, don't, don't, don't\n\nDon't be his friend, don't be his friend\n\nDon't, don't, don't, don't\n\nYou gettin' over him"
Flowers,Miley Cyrus,5YGY8feqx7naU7z4HrwZM6,7DSAEUvxU8FajXtRloy8M0,0,0,0,0,1,0,0,0,0,0,0,0,1,0,0,1,0,1,0,"We were good, we were gold
\nKind of dream that can't be sold
\nWe were right 'til we weren't
\nBuilt a home and watched it burn
\nMmm, I didn't wanna leave you, I didn't wanna lie\n\nStarted to cry, but then remembered I\n\n\n\nI can buy myself flowers\n\nWrite my name in the sand\n\nTalk to myself for hours\n\nSay things you don't understand\n\nI can take myself dancing\n\nAnd I can hold my own hand\n\nYeah, I can love me better than you can\n\n\n\nCan love me better, I can love me better, baby\n\nCan love me better, I can love me better, baby\n\n\n\nPaint my nails cherry red\n\nMatch the roses that you left\n\nNo remorse, no regret\n\nI forget every word you said\n\n\n\nOoh, I didn't wanna leave, baby, I didn't wanna fight\n\nStarted to cry, but then remembered I\n\n\n\nI can buy myself flowers\n\nWrite my name in sand\n\nTalk to myself for hours, yeah\n\nSay things you don't understand\n\nI can take myself dancing, yeah\n\nI can hold my own hand\n\nYeah, I can love me better than you can\n\n\n\nCan love me better, I can love me better, baby\n\nCan love me better, I can love me better, baby\n\nCan love me better, I can love me better, baby\n\nCan love me better, ooh, I\n\n\n\nI didn't wanna leave you, I didn't wanna fight\n\nStarted to cry, but then remembered I\n\n\n\nI can buy myself flowers (Uh-huh)\n\nWrite my name in the sand (Ooh, mmm)\n\nTalk to myself for hours (Yeah)\n\nSay things you don't understand (Better than you)\n\nI can take myself dancing (Yeah)\n\nI can hold my own hand\n\nYeah, I can love me better than\n\nYeah, I can love me better than you can\n\n\n\nCan love me better, I can love me better, baby (Uh)\n\nCan love me better, I can love me better, baby (Than you can)\n\nCan love me better, I can love me better, baby\n\nCan love me better, I"
Lose Yourself,Eminem,0LyfQWJT6nXafLPZqxe9Of,7MJQ9Nfxzh8LPZ9e9u68Fq,0,0,1,0,0,0,0,0,0,0,1,0,0,0,0,0,0,0,1,"Look, if you had one shot, one opportunity
\nTo seize everything you ever wanted-One moment
\nWould you capture it or just let it slip? \nHis palms are sweaty, knees weak, arms are heavy \nThere's vomit on his sweater already, mom's spaghetti\n\nHe's nervous, but on the surface he looks calm and ready \n\nTo drop bombs, but he keeps on forgettin \n\nWhat he wrote down, the whole crowd goes so loud \n\nHe opens his mouth, but the words won't come out\n\nHe's chokin, how everybody's jokin now\n\nThe clock's run out, time's up overblaw\n\nSnap back to reality, Oh there goes gravity\n\nOh, there goes Rabbit, he choked\n\nHe's so mad, but he won't give up that\n\nEasy, no\n\nHe won't have it , he knows his whole back's to these ropes\n\nIt don't matter, he's dope\n\nHe knows that, but he's broke\n\nHe's so stagnant that he knows \n\nWhen he goes back to his mobile home, that's when it's\n\nBack to the lab again yo\n\nThis whole rap shit\n\nHe better go capture this moment and hope it don't pass him\n\n\n\nYou better lose yourself in the music, the moment \n\nYou own it, you better never let it go \n\nYou only get one shot, do not miss your chance to blow \n\nThis opportunity comes once in a lifetime yo \n\n\n\n\n\nYou better lose yourself in the music, the moment \n\nYou own it, you better never let it go \n\nYou only get one shot, do not miss your chance to blow \n\nThis opportunity comes once in a lifetime yo \n\n\n\n\n\nThe soul's escaping, through this hole that it's gaping\n\nThis world is mine for the taking\n\nMake me king, as we move toward a, new world order \n\nA normal life is borin, but superstardom's close to post mortem\n\nIt only grows harder, only grows hotter \n\nHe blows us all over these hoes is all on him\n\nCoast to coast shows, he's know as the globetrotter\n\nLonely roads, God only knows\n\nHe's grown farther from home, he's no father\n\nHe goes home and barely knows his own daughter\n\nBut hold your nose cuz here goes the cold water \n\nHis hoes don't want him no mo, he's cold product \n\nThey moved on to the next schmoe who flows\n\nHe nose dove and sold nada\n\nSo the soap opera is told and unfolds\n\nI suppose it's old partna', but the beat goes on\n\nDa da dum da dum da da\n\n\n\nYou better lose yourself in the music, the moment \n\nYou own it, you better never let it go \n\nYou only get one shot, do not miss your chance to blow \n\nThis opportunity comes once in a lifetime yo \n\n\n\nYou better lose yourself in the music, the moment \n\nYou own it, you better never let it go \n\nYou only get one shot, do not miss your chance to blow \n\nThis opportunity comes once in a lifetime yo \n\n\n\nNo more games, I'ma change what you call rage \n\nTear this mothafuckin roof off like 2 dogs caged \n\nI was playin in the beginnin, the mood all changed \n\nI been chewed up and spit out and booed off stage \n\nBut I kept rhymin and stepwritin the next cypher \n\nBest believe somebody's payin the pied piper\n\nAll the pain inside amplified by the fact \n\nThat I can't get by with my 9 to 5 \n\nAnd I can't provide the right type of life for my family \n\nCuz man, these goddam food stamps don't buy diapers \n\nAnd it's no movie, there's no Mekhi Phifer, this is my life \n\nAnd these times are so hard and it's getting even harder \n\nTryin to feed and water my seed, plus \n\nSee dishonor caught up between being a father and a prima donna \n\nBaby mama drama's screamin on and \n\nToo much for me to wanna \n\nStay in one spot, another day of monotony \n\nHas gotten me to the point, I'm like a snail \n\nI've got to formulate a plot fore I end up in jail or shot \n\nSuccess is my only mothafuckin option, failure's not \n\nMom, I love you, but this trailer's got to go \n\nI cannot grow old in Salem's lot \n\nSo here I go is my shot.\n\nFeet fail me not cuz maybe the only opportunity that I got\n\n\n\nYou better lose yourself in the music, the moment \n\nYou own it, you better never let it go \n\nYou only get one shot, do not miss your chance to blow \n\nThis opportunity comes once in a lifetime yo \n\n\n\nYou better lose yourself in the music, the moment \n\nYou own it, you better never let it go \n\nYou only get one shot, do not miss your chance to blow \n\nThis opportunity comes once in a lifetime yo \n\n\n\nYou can do anything you set your mind to, man"
Not Afraid,Eminem,7dGJo4pcD2V6oG8kP0tJRR,7Ie9W94M7OjPoZVV216Xus,0,0,1,0,0,0,0,0,0,0,0,0,0,0,0,0,0,0,0,"Yeah, it's been a ride
\nI guess I had to go to that place to get to this one
\nNow some of you might still be in that place
\nIf you're tryin' to get out
\nJust follow me, I'll get you there\n\nYou can try and read my lyric off of this paper before I lay 'em\n\nBut you won't take the sting out these words before I say 'em\n\n'Cause ain't no way I'ma let you stop me from causin' mayhem\n\nWhen I say I'ma do somethin', I do it, I don't give a damn\n\nWhat you think, I'm doin' this for me, so fuck the world\n\nFeed it beans, it's gassed up if it thinks it's stoppin' me\n\nI'ma be what I set out to be, without a doubt, undoubtably\n\nAnd all those who look down on me\n\nI'm tearin' down your balcony\n\nNo ifs, ands or buts, don't try to ask him why or ""how can he""\n\nFrom Infinite down to the last Relapse album, he's\n\nStill shittin', whether he's on salary, paid hourly\n\nUntil he bows out or he shits his bowels out of him\n\nWhichever comes first, for better or worse\n\nHe's married to the game\n\nLike a ""fuck you"" for Christmas: his gift is a curse\n\nForget the Earth, he's got the urge to pull his dick from the dirt\n\nAnd fuck the whole Universe\n\n\n\nI'm not afraid to take a stand\n\nEverybody, come take my hand\n\nWe'll walk this road together, through the storm\n\nWhatever weather, cold or warm\n\nJust lettin' you know that you're not alone\n\nHolla if you feel like you've been down the same road\n\n\n\nOkay, quit playin' with the scissors and shit, and cut the crap\n\nI shouldn't have to rhyme these words in a rhythm\n\nFor you to know it's a wrap\n\nYou said you was king, you lied through your teeth\n\nFor that, fuck your feelings\n\nInstead of gettin' crowned you're gettin' capped\n\nAnd to the fans, I'll never let you down again, I'm back\n\nI promise to never go back on that promise\n\nIn fact, let's be honest, that last Relapse CD was ehhhh\n\nPerhaps I ran them accents into the ground\n\nRelax, I ain't goin' back to that now\n\nAll I'm tryin' to say is get back, click-clack BLAOW\n\nCause I ain't playin' around\n\nThere's a game called circle and I don't know how\n\nI'm way too up to back down\n\nBut I think I'm still tryin' to figure this crap out\n\nThought I had it mapped out\n\nBut I guess I didn't, this fuckin' black cloud\n\nStill follows me around, but it's time to exorcise these demons\n\nThese muh'fuckers are doin' jumpin' jacks now\n\n\n\nI'm not afraid to take a stand\n\nEverybody, come take my hand\n\nWe'll walk this road together, through the storm\n\nWhatever weather, cold or warm\n\nJust lettin' you know that you're not alone\n\nHolla if you feel like you've been down the same road\n\n\n\nAnd I just can't keep livin' this way\n\nSo startin' today, I'm breakin' out of this cage\n\nI'm standin' up, I'ma face my demons\n\nI'm mannin' up, I'ma hold my ground\n\nI've had enough, now I'm so fed up\n\nTime to put my life back together right now\n\n\n\nIt was my decision to get clean, I did it for me\n\nAdmittedly I probably did it subliminally for you\n\nSo I could come back a brand-new me\n\nYou helped see me through\n\nAnd don't even realize what you did, believe me you\n\nI've been through the wringer\n\nBut they can do little to the middle finger\n\nI think I got a tear in my eye, I feel like the king of\n\nMy world, haters can make like bees with no stingers\n\nAnd drop dead: no more beef flingers\n\nNo more drama from now on, I promise\n\nTo focus solely on handlin' my responsibilities as a father\n\nSo I solemnly swear to always treat this roof like my daughters\n\nAnd raise it, you couldn't lift a single shingle on it\n\nCause the way I feel, I'm strong enough to go to the club\n\nOr the corner pub and lift the whole liquor counter up\n\nCause I'm raisin' the bar\n\nI'd shoot for the moon, but I'm too busy gazin' at stars\n\nI feel amazin', and I'm\n\n\n\nI'm not afraid to take a stand\n\nEverybody, come take my hand\n\nWe'll walk this road together, through the storm\n\nWhatever weather, cold or warm\n\nJust lettin' you know that you're not alone\n\nHolla if you feel like you've been down the same road"
Lose Yourself,Eminem,7dGJo4pcD2V6oG8kP0tJRR,1v7L65Lzy0j0vdpRjJewt1,0,0,1,0,0,0,0,0,0,0,0,0,0,0,0,0,0,0,0,"Look, if you had one shot, one opportunity
\nTo seize everything you ever wanted-One moment
\nWould you capture it or just let it slip? \nHis palms are sweaty, knees weak, arms are heavy \nThere's vomit on his sweater already, mom's spaghetti\n\nHe's nervous, but on the surface he looks calm and ready \n\nTo drop bombs, but he keeps on forgettin \n\nWhat he wrote down, the whole crowd goes so loud \n\nHe opens his mouth, but the words won't come out\n\nHe's chokin, how everybody's jokin now\n\nThe clock's run out, time's up overblaw\n\nSnap back to reality, Oh there goes gravity\n\nOh, there goes Rabbit, he choked\n\nHe's so mad, but he won't give up that\n\nEasy, no\n\nHe won't have it , he knows his whole back's to these ropes\n\nIt don't matter, he's dope\n\nHe knows that, but he's broke\n\nHe's so stagnant that he knows \n\nWhen he goes back to his mobile home, that's when it's\n\nBack to the lab again yo\n\nThis whole rap shit\n\nHe better go capture this moment and hope it don't pass him\n\n\n\nYou better lose yourself in the music, the moment \n\nYou own it, you better never let it go \n\nYou only get one shot, do not miss your chance to blow \n\nThis opportunity comes once in a lifetime yo \n\n\n\n\n\nYou better lose yourself in the music, the moment \n\nYou own it, you better never let it go \n\nYou only get one shot, do not miss your chance to blow \n\nThis opportunity comes once in a lifetime yo \n\n\n\n\n\nThe soul's escaping, through this hole that it's gaping\n\nThis world is mine for the taking\n\nMake me king, as we move toward a, new world order \n\nA normal life is borin, but superstardom's close to post mortem\n\nIt only grows harder, only grows hotter \n\nHe blows us all over these hoes is all on him\n\nCoast to coast shows, he's know as the globetrotter\n\nLonely roads, God only knows\n\nHe's grown farther from home, he's no father\n\nHe goes home and barely knows his own daughter\n\nBut hold your nose cuz here goes the cold water \n\nHis hoes don't want him no mo, he's cold product \n\nThey moved on to the next schmoe who flows\n\nHe nose dove and sold nada\n\nSo the soap opera is told and unfolds\n\nI suppose it's old partna', but the beat goes on\n\nDa da dum da dum da da\n\n\n\nYou better lose yourself in the music, the moment \n\nYou own it, you better never let it go \n\nYou only get one shot, do not miss your chance to blow \n\nThis opportunity comes once in a lifetime yo \n\n\n\nYou better lose yourself in the music, the moment \n\nYou own it, you better never let it go \n\nYou only get one shot, do not miss your chance to blow \n\nThis opportunity comes once in a lifetime yo \n\n\n\nNo more games, I'ma change what you call rage \n\nTear this mothafuckin roof off like 2 dogs caged \n\nI was playin in the beginnin, the mood all changed \n\nI been chewed up and spit out and booed off stage \n\nBut I kept rhymin and stepwritin the next cypher \n\nBest believe somebody's payin the pied piper\n\nAll the pain inside amplified by the fact \n\nThat I can't get by with my 9 to 5 \n\nAnd I can't provide the right type of life for my family \n\nCuz man, these goddam food stamps don't buy diapers \n\nAnd it's no movie, there's no Mekhi Phifer, this is my life \n\nAnd these times are so hard and it's getting even harder \n\nTryin to feed and water my seed, plus \n\nSee dishonor caught up between being a father and a prima donna \n\nBaby mama drama's screamin on and \n\nToo much for me to wanna \n\nStay in one spot, another day of monotony \n\nHas gotten me to the point, I'm like a snail \n\nI've got to formulate a plot fore I end up in jail or shot \n\nSuccess is my only mothafuckin option, failure's not \n\nMom, I love you, but this trailer's got to go \n\nI cannot grow old in Salem's lot \n\nSo here I go is my shot.\n\nFeet fail me not cuz maybe the only opportunity that I got\n\n\n\nYou better lose yourself in the music, the moment \n\nYou own it, you better never let it go \n\nYou only get one shot, do not miss your chance to blow \n\nThis opportunity comes once in a lifetime yo \n\n\n\nYou better lose yourself in the music, the moment \n\nYou own it, you better never let it go \n\nYou only get one shot, do not miss your chance to blow \n\nThis opportunity comes once in a lifetime yo \n\n\n\nYou can do anything you set your mind to, man"
"Freed From Desire - prod. Molella, Phil Jay","Gala, Molella, Phil Jay",3OqTvcWgb0xaainosGVvuZ,3u5N55tHf7hXATSQrjBh2q,1,0,0,0,0,0,0,0,0,0,1,0,0,0,0,0,1,0,2,
Nothing Else Matters,Metallica,2ye2Wgw4gimLv2eAKyk1NB,0nLiqZ6A27jJri2VCalIUs,0,0,0,0,1,0,0,0,0,0,0,0,1,0,0,0,0,0,0,"So close no matter how far
\nCouldn't be much more from the heart \nForever trusting who we are \nAnd nothing else matters \nNever opened myself this way \n\nLife is ours, we live it our way \n\nAll these words I don't just say \n\nAnd nothing else matters \n\n\n\nTrust I seek and I find in you \n\nEvery day for us something new \n\nOpen mind for a different view \n\nAnd nothing else matters \n\n\n\nNever cared for what they do \n\nNever cared for what they know \n\nBut I know \n\n\n\nSo close no matter how far \n\nIt couldn't be much more from the heart \n\nForever trusting who we are \n\nAnd nothing else matters \n\n\n\nNever cared for what they do \n\nNever cared for what they know \n\nBut I know \n\n\n\nI never opened myself this way \n\nLife is ours, we live it our way \n\nAll these words I don't just say \n\nAnd nothing else matters\n\n\n\nTrust I seek and I find in you \n\nEvery day for us something new \n\nOpen mind for a different view \n\nAnd nothing else matters \n\n\n\nNever cared for what they say \n\nNever cared for games they play \n\nNever cared for what they do \n\nNever cared for what they know \n\nAnd I know\n\n\n\nSo close no matter how far \n\nCouldn't be much more from the heart \n\nForever trusting who we are \n\nNo, nothing else matters"
Enter Sandman,Metallica,2ye2Wgw4gimLv2eAKyk1NB,5sICkBXVmaCQk5aISGR3x1,0,0,1,0,0,1,0,0,0,0,1,0,0,0,0,0,0,0,1,"Say your prayers, little one
\nDon't forget, my son, \nTo include everyone \nTuck you in, warm within \nKeep you free from sin \n\nTill the sandman he comes \n\n\n\nSleep with one eye open \n\nGripping your pillow tight \n\n\n\nExit: light \n\nEnter: night \n\nTake my hand \n\nWe're off to never-never land \n\n\n\nSomething's wrong, shut the light \n\nHeavy thoughts tonight \n\nAnd they aren't of Snow White \n\n\n\nDreams of war, dreams of liars \n\nDreams of dragon's fire \n\nAnd of things that will bite \n\n\n\nSleep with one eye open \n\nGripping your pillow tight \n\n\n\nExit: light \n\nEnter: night \n\nTake my hand \n\nWe're off to never-never land \n\n\n\nNow I lay me down to sleep \n\nPray the Lord my soul to keep \n\nIf I die before I wake \n\nPray the Lord my soul to take \n\n\n\nHush little baby, don't say a word \n\nAnd never mind that noise you heard \n\nIt's just the beasts under your bed \n\nIn your closet, in your head \n\n\n\nExit: light \n\nEnter: night \n\nGrain of sand \n\n\n\nExit: light \n\nEnter: night \n\nTake my hand \n\nWe're off to never-never land"
Adventure of a Lifetime,Coldplay,4gzpq5DPGxSnKTe4SA8HAU,69uxyAqqPIsUyTO8txoP2M,1,0,0,0,0,0,0,0,0,0,1,0,0,0,0,0,0,0,2,"Turn your magic on, Umi she'd say
\nEverything you want's a dream away
\nWe are legends, every day
\nThat's what she told me
\nTurn your magic on, to me she'd say\n\nEverything you want's a dream away\n\nUnder this pressure, under this weight\n\nWe are diamonds \n\n\n\nI feel my heart beating\n\nI feel my heart underneath my skin\n\nI feel my heart beating\n\nOh, you make me feel\n\nLike I'm alive again\n\n\n\nAlive again!\n\n\n\nOh, you make me feel\n\nLike I'm alive again\n\n\n\nSaid I can't go on, not in this way\n\nI'm a dream that died by light of day\n\nGonna hold up half the sky and say\n\nOnly I own me\n\n\n\nI feel my heart beating\n\nI feel my heart underneath my skin\n\nOh, I can feel my heart beating\n\n'Cause you make me feel\n\nLike I'm alive again\n\n\n\nAlive again!\n\n\n\nOh, you make me feel\n\nLike I'm alive again\n\n\n\nTurn your magic on, Umi she'd say\n\nEverything you want's a dream away\n\nUnder this pressure, under this weight\n\nWe are diamonds taking shape\n\nWe are diamonds taking shape\n\n\n\n(Woo, woo)\n\n\n\nIf we've only got this life\n\nThis adventure, oh then I\n\nAnd if we've only got this life\n\nYou'll get me through alive\n\nAnd if we've only got this life\n\nIn this adventure, oh then I\n\nWanna share it with you\n\nWith you, with you\n\nI said, oh, say oh\n\n\n\n(Woo hoo, woo hoo...)"
A Head Full of Dreams,Coldplay,4gzpq5DPGxSnKTe4SA8HAU,6f49kbOuQSOsStBpyGvQfA,1,0,0,0,0,0,0,0,0,0,1,0,0,0,0,0,1,0,2,"Oh, I think I landed in a world I hadn't seen
\nWhen I'm feeling ordinary
\nWhen I don't know what I mean
\nOh, I think landed where there are miracles at work
\nFor the thirst and for the hunger\n\nCome the conference of birds\n\n\n\nSaying it's true\n\nIt's not what it seems\n\nLeave your broken windows open\n\nAnd in the light just streams\n\n\n\nAnd you get a head\n\nA head full of dreams\n\nYou can see the change you want to\n\nBe what you want to be\n\n\n\nThen you get a head\n\nA head full of dreams\n\nInto life, I've just been spoken\n\nWith a head full, a head full of dreams\n\n\n\nOh I think landed where there are miracles at work\n\nWhen you've got me open handed\n\nWhen you got me lost for words\n\n\n\nI sing oh oh oh oh...\n\nOh oh oh oh...\n\nA head full of dreams (oh oh oh oh...)\n\nA head full of dreams (oh oh oh oh...)\n\n\n\nInto life, I've just been spoken\n\nWith a head full, a head full of dreams"
Biutyful,Coldplay,4gzpq5DPGxSnKTe4SA8HAU,2L2mM3rEO3arNIMQnb3dou,0,0,0,0,1,0,0,0,0,0,0,0,1,0,0,1,0,0,0,"All I know is I love you so
\nI hope that you get everything you want in this biutyful life
\nChange for your pocket, someone for the night
\nI hope they name you a rocket and take you for a ride for free
\nAnd if they tell you you're nothing, maybe you'd explain\n\nTo me you're the summer sun after the rain\n\nAnd you were there when I needed\n\nSomething for the pain, you see\n\n\n\nWhen you love me, love me, love me\n\nWhen you love me, love me, love me\n\nWhen you love me, love me, love me\n\nWhen you love me, love me, love me\n\nI'm nowhere else\n\nI'm on top of the world, man\n\nOn top of the world\n\nAnd it's so biutyful\n\nAnd you're so biutyful\n\n\n\nI hope that you get everything you want in this biutyful life\n\nWatermelon moon, so happy you're alive\n\nAnd I feel like a river finally arrived at sea\n\n\n\n'Cause when you love me, love me, love me\n\nWhen you love me, love me, love me\n\nWhen you love me, love me, love me\n\nWhen you love me, love me, love me\n\nI know I'll be on top of the world, man\n\nOn top of the world\n\nAnd it's so biutyful\n\nAnd you're so biutyful\n\nAnd it's so biutyful\n\n\n\n'Cause when you love me, love me, love me\n\nWhen you love me, love me, love me\n\nWhen you love me, love me, love me\n\nWhen you love me, love me, love me\n\n\n\nI know I'll be on top of the world, man\n\nOn top of the world\n\nAnd it's so biutyful\n\nAnd you're so biutyful\n\nAnd it's so biutyful\n\nAnd you're so biutyful\n\nAnd it's so biutyful"
Champion Of The World,Coldplay,4gzpq5DPGxSnKTe4SA8HAU,6mf7BNgXs8JipPr2QILnyN,1,0,0,0,0,0,0,0,0,1,0,0,0,0,0,0,1,0,1,"I tried my best to be just like
\nThe other boys in school
\nI tried my best to get it right
\nAnd died in every duel
\nThis mountainside is suicide
\nThis dream will never work\n\nStill this sign upon my headstone write:\n\n""A champion of the world""\n\n\n\nI tried my best to stay alight\n\nFly like a firework\n\nI tried my best at taking flight\n\nBut my rocketship reversed\n\nOh referee, don't stop the fight\n\nEveryone can see I'm hurt\n\nBut I'll stand before conquistadors\n\nTill I'm champion of the world\n\n\n\n(When I sail) And when I sail, I'm sailing west\n\n(Know I might fail) Knowing I might fail, but still I'm hoping for the best\n\n(In my dreams) In my dreams, on to my chest\n\nShe'll pin the colours and say\n\n""I wandered the whole wide world but\n\nBaby, you're the best""\n\n\n\nLo lo-lo-lo lo oh\n\nEe-yo-ee-yo-ee-yo-ee-yeah\n\nLo lo-lo-lo lo\n\n\n\nSo I'm flying on my bicycle\n\nHeading upwards from the Earth\n\nI am jumping with no parachute\n\nOut into the universe\n\nI have E.T. on my bicycle\n\nBecause giving up won't work\n\nNow I'm riding on my rocketship\n\nAnd I'm champion of the world"
Charlie Brown,Coldplay,4gzpq5DPGxSnKTe4SA8HAU,1yqMgZNrevsWMLWfO2PRp5,0,0,0,0,0,0,0,0,0,0,1,0,0,0,0,0,1,0,1,"I stole a key
\nTook a car downtown where the lost boys meet
\nI took a car downtown and took what they offered me
\nTo set me free
\nI saw the lights go down at the end of the scene
\nI saw the lights go down and they're standing in front of me\n\n\n\nMy scarecrow dreams\n\nWhen they smashed my heart into smithereens\n\nI be a bright red rose come bursting the concrete\n\nBe the cartoon heart\n\n\n\nLight a fire, light a spark\n\nLight a fire, a flame in my heart\n\nWe'll run wild oh\n\nWe'll be glowing in the dark\n\nWe'll be glowing in the dark\n\n\n\nAll the boys, all the girls\n\nAll the madness in the world\n\nAll the boys, all the girls\n\nAll the madness that occurs\n\nAll the highs, all the lows\n\nAs the room is spinning, oh\n\n\n\nWe'll run wild oh\n\nWe'll be glowing in the dark\n\n\n\nSo we soar luminescent and wired\n\nWe'll be glowing in the dark"
Clocks,Coldplay,4gzpq5DPGxSnKTe4SA8HAU,0BCPKOYdS2jbQ8iyB56Zns,1,0,0,0,0,0,0,0,0,0,0,0,1,0,0,0,1,0,1,"The lights go out and I can't be saved
\nTides that I tried to swim against
\nHave brought me down upon my knees
\nOh I beg, I beg and plead, singing
\nCome out of things unsaid\n\nShoot an apple off my head and a\n\nTrouble that can't be named\n\nA tiger's waiting to be tamed, singing\n\n\n\nYou are\n\nYou are\n\n\n\nConfusion never stops\n\nClosing walls and ticking clocks\n\nGonna come back and take you home\n\nI could not stop that you now know, singing\n\n\n\nCome out upon my seas\n\nCursed missed opportunities\n\nAm I a part of the cure?\n\nOr am I part of the disease? Singing\n\n\n\nYou are, you are, you are\n\nYou are, you are, you are\n\n\n\nAnd nothing else compares\n\nOh nothing else compares\n\nAnd nothing else compares\n\n\n\nHome, home where I wanted to go\n\nHome, home where I wanted to go\n\n\n\nHome, (you) home where I wanted to (are) go\n\nHome, (you) home where I wanted to (are) go\n\n\n\n\n\n(Thanks to MusicLoars and iheartpenguins113 for correcting these lyrics)"
Coloratura,Coldplay,4gzpq5DPGxSnKTe4SA8HAU,0jH7gF7KCk2Lom9gimaKms,1,0,0,0,0,0,0,0,0,0,1,0,0,0,0,0,1,0,2,"Coloratura
\nWe fell in through the clouds
\nAnd everyone before us is there welcoming us now
\nIt's the end of death and doubt
\nAnd loneliness is out\n\nColoratura\n\nThe place we dreamed about\n\nThe melodies inside yourself and love come pouring out\n\nAnd everyone's allowed\n\nWe're feathered by the crowd\n\n\n\nAnd up there in the heavеns\n\nGalileo and those pining for the moon\n\nKnow it's a slow burn\n\nThrough Pioneer and Hеlix\n\nOumuamua, Heliopause and Neptune\n\nWe're a slow burning tune\n\nBut we'll get there, so for now\n\n\n\nIn this crazy world, I do\n\nI just want you\n\n\n\nIn the end it's all about\n\nThe love you're sending out\n\n\n\nAnd up there in the heavens\n\nThe explorers who've all gathered by balloon\n\nSaw the world turn\n\nThrough Voyager, Callisto, Calliope, Betelgeuse, the Neon Moons\n\nWe're a slow burning tune\n\nBut we'll touch down soon, so will you\n\n\n\nAnd in this crazy world, I do\n\nI just want you\n\n\n\nAnd up there in the heavens\n\nGalileo saw reflections of us too\n\nPluribus unum, unus mundus\n\nAll the satellites imbue\n\nThe purple, yellow, green, red, orange and the blue\n\nOh it's a crazy world, it's true\n\nSing it out\n\nOh-oh-oh-oh, oh-oh-oh-oh\n\nOh-oh-oh-oh, oh-oh-oh-oh\n\n\n\nAnd in this crazy world, I do\n\nI just want\n\nIn this crazy world, it's true\n\nI just want you\n\n\n\nPoets prophesy up in the blue\n\nTogether, that's how we'll make it through"
Cry Cry Cry,Coldplay,4gzpq5DPGxSnKTe4SA8HAU,4Kwhm5VU4huxmQtBqd1AXo,0,0,0,0,1,0,0,0,0,0,0,0,1,0,0,1,0,0,0,"Cry, cry, cry, baby
\nCry, cry, cry
\nIn a book about the world
\nCalled ""The luminous things""
\nThere are trees and flowers growing\n\nWhile Jizo Bodhisattva sings\n\n\n\n""When you cry, cry, cry, baby\n\nWhen you cry, cry, cry\n\nWhen you cry, cry, cry, baby\n\nI'll be by your side""\n\n\n\nDon't want us to hurt each other or cause each other pain\n\nDon't want to fear what we don't know\n\nWe're in this together, baby, we're as singing is to rain\n\nSo I never ever, ever let you go\n\n\n\nWhen you cry, cry, cry, baby\n\nWhen you cry, cry, cry\n\nWhen you cry, cry, cry, baby\n\nI'll be by your side\n\nOoh, yeah\n\nOoh, yeah\n\n\n\nFor your miracles outnumber\n\nAll the stars out in the sky"
Daddy,Coldplay,4gzpq5DPGxSnKTe4SA8HAU,3nbFvropl2lgg6X3DAnkgf,0,0,0,0,1,0,0,0,0,0,0,0,1,0,0,0,0,0,0,"Daddy, are you out there?
\nDaddy, won't you come and play?
\nDaddy, do you not care?
\nIs there nothing that you want to say?\n\nI know\n\nYou are hurting too\n\nBut I need you, I do\n\n\n\nDaddy, if you are out there\n\nDaddy, all I want to say\n\n\n\nYou're so far away\n\nOh and you're so far away\n\nThat's okay\n\nThat's okay\n\nI am okay\n\n\n\nDaddy, are you out there?\n\nDaddy, why'd you run away?\n\nDaddy, are you okay?\n\n\n\nLook that, we got the same hair\n\nAnd daddy, it's my birthday\n\nBut all I want to say\n\n\n\nIs that you're so far away\n\nOh and you're so far away\n\nThat's okay\n\nThat's okay\n\nThat's okay\n\n\n\nYou're so far away\n\nWon't you come and won't you stay?\n\nPlease stay\n\nPlease stay\n\nWon't you come and won't you stay?\n\nOne day\n\nJust one day"
Don't Panic,Coldplay,4gzpq5DPGxSnKTe4SA8HAU,2QhURnm7mQDxBb5jWkbDug,0,0,0,1,0,0,0,0,0,0,0,1,0,0,0,0,1,0,0,"Bones sinking like stones
\nAll that we've fought for
\nHomes, places we've grown \nAll of us are done for
\nAnd we live in a beautiful world\n\nYeah we do, yeah we do\n\nWe live in a beautiful world\n\n\n\nBones sinking like stones \n\nAll that we've fought for\n\nHomes, places we've grown \n\nAll of us are done for\n\n\n\nAnd we live in a beautiful world\n\nYeah we do, yeah we do\n\nWe live in a beautiful world\n\n\n\nAnd we live in a beautiful world\n\nYeah we do, yeah we do\n\nWe live in a beautiful world\n\n\n\nOh all that I know\n\nThere's nothing here to run from\n\n'Cause yeah, everybody here's got somebody to lean on"
Everyday Life,Coldplay,4gzpq5DPGxSnKTe4SA8HAU,0h9fnCSnbUgOEgibnQByFv,0,0,0,0,1,0,0,0,0,0,0,0,1,0,0,0,0,0,0,"What in the world are we going to do?
\nLook at what everybody's going through
\nWhat kind of world do you want it to be?
\nAm I the future or the history?
\n'Cause everyone hurts\n\nEveryone cries\n\nEveryone tells each other all kinds of lies\n\nEveryone falls\n\nEverybody dreams and doubts\n\nGot to keep dancing when the lights go out\n\n\n\nHow in the world I am going to see?\n\nYou as my brother\n\n...Not my enemy?\n\n\n\n'Cause everyone hurts\n\nEveryone cries\n\nEveryone sees the colour in each other's eyes\n\nEveryone loves\n\nEverybody gets their hearts ripped out\n\nGot to keep dancing when the lights go out\n\nGonna keep dancing when the lights go out\n\nHold tight for everyday life\n\nHold tight for everyday life\n\n\n\nAt first light\n\nThrow my arms out open wide\n\nHallelujah\n\nHallelujah\n\nHallelu-halle-hallelujah\n\nHallelujah\n\nHallelujah\n\nHallelu-halle-hallelujah\n\nYes"
Everglow,Coldplay,4gzpq5DPGxSnKTe4SA8HAU,5qfZRNjt2TkHEL12r3sDEU,1,0,0,0,0,0,0,0,0,1,0,0,1,0,0,0,0,0,1,"Well they say people come
\nSay people go
\nThis particular diamond \nWas extra special
\nAnd though you might be gone
\nAnd the world may not know\n\nStill I see you celestial\n\n\n\nLike a lion you ran\n\nA goddess you rolled\n\nLike an eagle you circled\n\nIn perfect purple\n\nSo how come things move on?\n\nHow come cars don't slow?\n\nWhen it feels like the end of my world?\n\nWhen I should but I can't let you go\n\n\n\nBut when I'm cold,\n\nCold\n\nAnd I'm cold\n\nCold\n\nThere's a light that you give me\n\nWhen I'm in shadow\n\nThere's a feeling you give me, an everglow\n\n\n\nLike brothers in blood\n\nSisters who ride\n\nYeah we swore on that night we'd \n\nBe friends till we died\n\nBut the changing of winds\n\nAnd the way waters flow\n\nLife is short as the falling of snow\n\nAnd now I'm gonna miss you, I know\n\n\n\nBut when I'm cold\n\nCold\n\nIn water rolled\n\nSalt\n\nAnd I know that you're with me\n\nAnt the way you will show\n\nAnd you're with me wherever I go\n\nBut you give me this feeling, this everglow\n\n\n\nYeah what I wouldn't give for just a moment to hold\n\nYeah I live for this feeling, this everglow\n\n\n\nSo if you love someone\n\nYou should let them know\n\nOh, the light that you left me will everglow"
Every Teardrop Is a Waterfall,Coldplay,4gzpq5DPGxSnKTe4SA8HAU,2U8g9wVcUu9wsg6i7sFSv8,0,0,0,0,1,0,0,0,0,0,0,0,0,0,0,1,1,0,0,"I turn the music up, I got my records on
\nI shut the world outside until the lights come on
\nMaybe the streets alight, maybe the trees are gone
\nI feel my heart start beating to my favourite song
\nAnd all the kids they dance, all the kids all night\n\nUntil Monday morning feels another life\n\nI turn the music up\n\nI'm on a roll this time\n\nAnd heaven is in sight\n\n\n\nuh...\n\n\n\nI turn the music up, I got my records on\n\nFrom underneath the rubble sing a rebel song\n\nDon't want to see another generation drop\n\nI'd rather be a comma than a full stop\n\n\n\nMaybe I'm in the black, maybe I'm on my knees\n\nMaybe I'm in the gap batween the two trapezes\n\nBut my heart is beating and my pulses start\n\nCathedrals in my heart\n\n\n\nas we saw oh this light \n\nI swear you, emerge blinking into\n\nTo tell me it's alright\n\nAs we soar walls, \n\nevery siren is a symphony\n\nAnd every tear's a waterfall\n\nIs a waterfall\n\nOh\n\nIs a waterfall\n\nOh oh oh\n\nIs a is a waterfall\n\nEvery tear\n\nIs a waterfall\n\nOh oh oh\n\n\n\nSo you can hurt, hurt me bad\n\nBut still I'll raise the flag\n\n\n\nOh\n\nIt was a wa wa wa wa wa-a-terfall\n\nA wa wa wa wa wa-aterfall\n\n\n\nEvery tear\n\nEvery tear\n\n\n\nEvery teardrop is a waterfall\n\n\n\nEvery tear\n\nEvery tear\n\n\n\nEvery teardrop is a waterfall"
Everything's Not Lost - Includes Hidden Track 'Life Is For Living',Coldplay,4gzpq5DPGxSnKTe4SA8HAU,1RNtm45kw0hPMBz7gKiIYu,1,1,0,0,0,0,0,0,0,0,0,0,0,0,0,0,1,0,1,
Fix You,Coldplay,4gzpq5DPGxSnKTe4SA8HAU,7LVHVU3tWfcxj5aiPFEW4Q,0,0,0,0,1,0,0,0,0,1,0,0,0,0,0,0,1,0,0,When you try your best but you don't succeed \nWhen you get what you want but not what you need \nWhen you feel so tired but you can't sleep \nStuck in reverse \nAnd the tears come streaming down your face \n\nWhen you lose something you can't replace \n\nWhen you love someone but it goes to waste\n\nCould it be worse? \n\n\n\nLights will guide you home \n\nAnd ignite your bones \n\nAnd I will try to fix you \n\n\n\nHigh up above or down below \n\nWhen you're too in love to let it go \n\nBut if you never try you'll never know \n\nJust what you're worth \n\n\n\nLights will guide you home \n\nAnd ignite your bones \n\nAnd I will try to fix you \n\n\n\nTears stream down your face \n\nWhen you lose something you cannot replace \n\nTears stream down your face and I\n\n\n\nTears stream down your face \n\nI promise you I will learn from all my mistakes \n\nTears stream down your face and I\n\n\n\nLights will guide you home \n\nAnd ignite your bones \n\nAnd I will try to fix you
God Put a Smile upon Your Face,Coldplay,4gzpq5DPGxSnKTe4SA8HAU,4hf0hL4kWyjWztZzVsM39V,0,0,1,0,0,0,0,0,0,0,1,0,0,0,0,0,1,0,1,"Where do we go, nobody knows\ni've got to say i'm on my way down \ngod gave me style and gave me grace \nGod put a smile upon my face \n\nwhere do we go to draw the line \n\ni've got to say, i've wasted all your time, oh honey honey \n\nwhere do i go to fall from grace \n\ngod put a smile upon your face, aww yeah \n\n\n\nnow when you work it out i'm worse than you \n\nyeah when we work it out, i wanted to \n\nnow when we work out where to draw the line \n\nyour guess is as good as mine...\n\n\n\nwhere do we go, nobody knows \n\ndon't ever say you're on your way down, well \n\ngod gave you style and gave you grace \n\nand put a smile upon your face\n\n\n\nnow when you work it out i'm worse than you \n\nyeah when we work it out, i wanted to \n\nnow when we work out where to draw the line \n\nyour guess is as good as mine...\n\n\n\nit's as good as mine,\n\nit's as good as mine,\n\nit's as good as mine,\n\nno, no no, no no,\n\nno, no no, no no,\n\nit's as good as mine,\n\nIt's as good as mine,\n\n(as good as mine)\n\nas good as mine,\n\n\n\nwhere do we go, nobody knows \n\ndon't ever say you're on your way down, well \n\ngod gave you style and gave you grace \n\nand put a smile upon your face"
Gravity,Coldplay,4gzpq5DPGxSnKTe4SA8HAU,44LVgFZvUcBYo98vy71tvd,0,0,0,0,1,0,0,0,0,0,0,0,1,0,0,1,0,0,0,"Baby\nIt's been a long time coming\nSuch a long, long time\nAnd I can't stop running\nSuch a long, long time\nCan you hear my heart beating?\n\nCan you hear that sound?\n\n'Cause I can't help thinking\n\nAnd I won't stop now\n\n\n\nAnd then I looked up at the sun and I could see\n\nOh, the way that gravity pulls on you and me\n\nAnd then I looked up at the sky and saw the sun\n\nAnd the way that gravity pushes on everyone\n\nOn everyone\n\n\n\nBaby\n\nWhen your wheels stop turning\n\nAnd you feel let down\n\nAnd it seems like troubles\n\nhave come all around\n\nI can hear your heart beating\n\nI can hear that sound\n\nBut I can't help thinking\n\nAnd I won't look now\n\n\n\nAnd then I looked up at the sun and I could see\n\nOh, the way that gravity pulls on you and me\n\nAnd then I looked up at the sky and saw the sun\n\nAnd the way that gravity pushes on everyone\n\nOn everyone\n\nOn everyone"
Green Eyes,Coldplay,4gzpq5DPGxSnKTe4SA8HAU,3ou9rSNUQnE7XYmJkUUIOc,0,0,0,0,0,0,0,0,0,1,0,0,1,0,0,1,0,0,0,"Honey you are a rock, upon which I stand,
\nand I come here to talk, I hope you understand.
\nThe green eyes,
\nyeah the spotlight,
\nshines upon you,\n\nand how could anybody, deny you.\n\n\n\nI came here with a load,\n\nand it feels so much lighter now I met you,\n\nand honey you should know,\n\nthat I could never go on without you,\n\nGreen eyes.\n\n\n\nHoney you are the sea, upon which i float,\n\nand I came here to talk, I think you should know.\n\n\n\nThe green eyes,\n\nyour the one that I wanted to find,\n\nand anyone who, tried to deny you,\n\nmust be out of their mind.\n\n\n\nBecause I came here with a load,\n\nand it feels so much lighter since I met you.\n\nHoney you should know,\n\nthat i could never go on without you,\n\nGreen eyes, green eyes.\n\n\n\nHoney you are a rock, upon which i stand"
Higher Power,Coldplay,4gzpq5DPGxSnKTe4SA8HAU,65OR4ywy8Cgs3FDHK82Idl,1,0,0,0,0,0,0,0,0,0,1,0,0,0,0,0,1,0,2,"Sometimes I just can't take it
\nSometimes I just can't take it
\nAnd it isn't alright
\nI'm not going to make it
\nAnd I think my shoe is untied
\nI'm like a broken record\n\nI'm like a broken record\n\nAnd I'm not playing right\n\nJust wanna go up higher, can we?\n\nTill you tell me I'm a heavenly photo\n\n\n\nHold tight (hold tight)\n\nCome on (come on)\n\nCome on (come on)\n\nWoah\n\nCome on (come on)\n\nCome on (come on)\n\nDon't let go\n\nHold tight (hold tight)\n\nHold tight (hold tight)\n\nWoah\n\nIt's alright, it's alright\n\nYou said\n\nWoah\n\nIt's alright, it's alright\n\nYou said\n\nI've got my hands up, shaking just to let you know\n\n\n\nThat you've got a higher power\n\nGot me singing every second\n\nDancing every hour\n\nOh, yeah\n\nYou'vе got a higher power\n\nAnd you're rеally someone\n\nI want to know\n\nOh!\n\n\n\nThis boy is electric (ooh)\n\nThis boy is electric and you're sparkling like\n\nThe universe connected\n\nAnd I'm buzzing\n\nNight after night after night\n\nThis joy is electric\n\nThis joy is electric and you're circuiting through\n\nI'm so happy that I'm alive\n\nHappy I'm alive at the same time as you\n\n\n\n'Cause you've got a higher power\n\nGot me singing every second\n\nDancing every hour\n\nOh, yeah\n\nYou've got a higher power\n\nAnd you're really someone\n\nI want to know\n\nOh!\n\n(I wanna know, oh!)\n\n\n\nYou've got\n\nYeah you've got a higher\n\nYou've got\n\nYeah you've got a higher\n\nYou've got\n\nYeah you've got a higher\n\nYou've got\n\nOh\n\nYou've got\n\nOh you've got a higher\n\nYou've got\n\nYeah you've got a higher\n\nYou've got\n\nOh you've got a higher\n\nMy hands up, shaking just to let you know that\n\n\n\nYou've got a higher power\n\nGot me singing every second\n\nDancing every hour\n\nOh, yeah\n\nYou've got a higher power\n\n\n\nOnce in a lifetime\n\nI'm going a million miles an hour\n\nAnd for so long\n\nI've been down on my knees\n\nTo your love song\n\nFloats me over and over\n\nFor so long\n\nI've been down on my knees\n\nTo your love song\n\nFloats me oh\n\nOh"
Humankind,Coldplay,4gzpq5DPGxSnKTe4SA8HAU,23BO6YozrAXUta1buxFZ80,1,0,0,0,0,0,0,0,0,1,0,0,0,0,0,0,1,0,1,"Today I heard the strangest
\nI heard the strangest song
\nA DJ a star away is
\nPlaying it to turn us on\n\nMy heart started glowing\n\nI feel it inside, it's flowing\n\n\n\nI say I know, I know, I know\n\nWe're only human\n\nI know, I know, I know\n\nHow we're designed, yeah\n\nOh I know, I know, I know\n\nWe're only human\n\nBut from another planet\n\nStill they call us Humankind\n\n\n\nToday I had the strangest\n\nFeeling that I belong\n\n\n\nBefore, I was dying\n\nI feel it inside, now I'm flying\n\n\n\nI say I know, I know, I know\n\nWe're only human\n\nI know, I know, I know\n\nHow we're designed, yeah\n\nOh I know, I know, I know\n\nWe're only human\n\nBut from another planet\n\nStill they call us Humankind\n\n\n\nBefore, I was dying\n\nI feel it inside, now I'm flying\n\n\n\nI know, I know, I know\n\nWe're only human\n\nI know, I know, I know\n\nHow we're designed\n\nOh I know, I know, I know\n\nWe're only human\n\nBut we're capable of kindness\n\nSo they call us Humankind"
♾,Coldplay,4gzpq5DPGxSnKTe4SA8HAU,2wleRXcIPqltoDPLMH5WDa,0,0,0,0,1,0,0,0,0,0,0,0,0,0,0,1,0,0,0,
